漢方名,ひらがな,フリガナ,検索用,配合生薬
安中散,あんちゅうさん,アンチュウサン,安中散(あんちゅうさん),桂皮、牡蛎、縮砂、延胡索、茴香、良姜、甘草
胃風湯,いふうとう,イフウトウ,胃風湯(いふうとう),当帰、芍薬、川芎、人参、白朮、茯苓、桂皮、粟
胃苓湯,いれいとう,イレイトウ,胃苓湯(いれいとう),蒼朮、陳皮、沢瀉、白朮、厚朴、猪苓、芍薬、茯苓、桂皮、大棗、甘草、生姜
茵蔯蒿湯,いんちんこうとう,インチンコウトウ,茵蔯蒿湯(いんちんこうとう),茵蔯蒿、山梔子、大黄
茵蔯五苓散,いんちんごれいさん,インチンゴレイサン,茵蔯五苓散(いんちんごれいさん),沢瀉、猪苓、桂皮、茯苓、白朮、茵蔯蒿
温経湯,うんけいとう,ウンケイトウ,温経湯(うんけいとう),呉茱萸、桂皮、当帰、川芎、牡丹皮、芍薬、麦門冬、人参、甘草、生姜、半夏、阿膠
温清飲,うんせいいん,ウンセイイン,温清飲(うんせいいん),地黄、当帰、芍薬、川芎、黄連、黄芩、黄柏、山梔子
温胆湯,うんたんとう,ウンタントウ,温胆湯(うんたんとう),半夏、竹茹、枳実、陳皮、茯苓、甘草、生姜
越婢加朮湯,えっぴかじゅつふとう,エッピカジュツフトウ,越婢加朮湯(えっぴかじゅつふとう),甘草、麻黄、生姜、石膏、大棗、蒼朮
延年半夏湯,えんねんはんげとう,エンネンハンゲトウ,延年半夏湯(えんねんはんげとう),柴胡、枳実、檳榔子、桔梗、土別甲、人参、生姜、半夏、呉茱萸
黄耆建中湯,おうぎけんちゅうとう,オウギケンチュウトウ,黄耆建中湯(おうぎけんちゅうとう),桂皮、芍薬、生姜、大棗、甘草、黄耆、膠飴
黄芩湯,おうごんとう,オウゴントウ,黄芩湯(おうごんとう),黄芩、芍薬、甘草、大棗
応鐘散,おうしょうさん,オウショウサン,応鐘散(おうしょうさん),大黄、川芎
黄連阿膠湯,おうれんあきょうとう,オウレンアキョウトウ,黄連阿膠湯(おうれんあきょうとう),黄連、黄芩、芍薬、阿膠、卵黄
黄連解毒湯,おうれんげどくとう,オウレンゲドクトウ,黄連解毒湯(おうれんげどくとう),黄連、黄芩、黄柏、山梔子
黄連湯,おうれんとう,オウレントウ,黄連湯(おうれんとう),黄連、乾姜、桂皮、半夏、甘草、人参、大棗
乙字湯,おつじとう,オツジトウ,乙字湯(おつじとう),当帰、柴胡、黄芩、甘草、大黄、升麻
化食養脾湯,かしょくようひとう,カショクヨウヒトウ,化食養脾湯(かしょくようひとう),人参、白朮、茯苓、半夏、陳皮、大棗、神麹、麦芽、山査子、縮砂、生姜、甘草
藿香正気散,かっこうしょうきさん,カッコウショウキサン,藿香正気散(かっこうしょうきさん),白朮、茯苓、陳皮、白芷、藿香、大棗、甘草、半夏、厚朴、桔梗、蘇葉、大腹皮、生姜
葛根黄連黄芩湯,かっこんおうれんおうごんとう,カッコンオウレンオウゴントウ,葛根黄連黄芩湯(かっこんおうれんおうごんとう),葛根、黄連、黄芩、甘草
葛根紅花湯,かっこんこうかとう,カッコンコウカトウ,葛根紅花湯(かっこんこうかとう),葛根、地黄、芍薬、黄連、山梔子、紅花、大黄、甘草
葛根湯,かっこんとう,カッコントウ,葛根湯(かっこんとう),葛根、麻黄、桂皮、生姜、甘草、芍薬、大棗
葛根湯加川芎辛夷,かっこんとうかせんきゅうしんい,カッコントウカセンキュウシンイ,葛根湯加川芎辛夷(かっこんとうかせんきゅうしんい),葛根、麻黄、生姜、大棗、桂皮、芍薬、甘草、川芎、辛夷
加味温胆湯,かみうんたんとう,カミウンタントウ,加味温胆湯(かみうんたんとう),半夏、竹茹、枳実、陳皮、茯苓、甘草、生姜、酸棗仁、玄参、遠志、人参、地黄、大棗
加味帰脾湯,かみきひとう,カミキヒトウ,加味帰脾湯(かみきひとう),人参、黄耆、当帰、竜眼肉、白朮、木香、茯苓、遠志、酸棗仁、生姜、甘草、大棗、柴胡、山梔子、牡丹皮
加味逍遙散,かみしょうようさん,カミショウヨウサン,加味逍遙散(かみしょうようさん),柴胡、当帰、芍薬、茯苓、白朮、甘草、生姜、薄荷、牡丹皮、山梔子
加味平胃散,かみへいいさん,カミヘイイサン,加味平胃散(へいいさん),白朮、厚朴、陳皮、大棗、甘草、生姜、神麹、麦芽、山査子
乾姜人参半夏丸,かんきょうにんじんはんげがん,カンキョウニンジンハンゲガン,乾姜人参半夏丸(かんきょうにんじんはんげがん),乾姜、人参、半夏
環元清血飲,かんげんせいけついん,カンゲンセイケツイン,環元清血飲(かんげんせいけついん) ,丹参、川芎、芍薬、紅花、木香、香附子
甘草瀉心湯,かんぞうしゃしんとう,カンゾウシャシントウ,甘草瀉心湯(かんぞうしゃしんとう),半夏、黄芩、黄連、乾姜、人参、大棗、甘草
甘草湯,かんぞうとう,カンゾウトウ,甘草湯(かんぞうとう),甘草
甘麦大棗湯,かんばくたいそうとう,カンバクタイソウトウ,甘麦大棗湯(かんばくたいそうとう),甘草、小麦、大棗
甘露飲,かんろいん,カンロイン,甘露飲(かんろいん),黄芩、枇杷葉、地黄、麦門冬、天門冬、石斛、茵蔯蒿、枳実、甘草
帰耆建中湯,きぎけんちゅうとう,キギケンチュウトウ,帰耆建中湯(きぎけんちゅうとう),当帰、黄耆、桂皮、芍薬、生姜、大棗、甘草
桔梗湯,ききょうとう,キキョウトウ,桔梗湯(ききょうとう),桔梗、甘草
帰脾湯,きひとう,キヒトウ,帰脾湯(きひとう),人参、黄耆、当帰、竜眼肉、白朮、木香、茯苓、遠志、酸棗仁、甘草、大棗、生姜
芎帰膠艾湯,きゅうききょうがいとう,キュウキキョウガイトウ,芎帰膠艾湯(きゅうききょうがいとう),当帰、川芎、芍薬、地黄、艾葉、甘草
芎帰調血飲,きゅうきちょうけついん,キュウキチョウケツイン,芎帰調血飲(きゅうきちょうけついん),当帰、地黄、茯苓、烏薬、牡丹皮、大棗、生姜、川芎、白朮、陳皮、香附子、益母草、甘草
芎帰調血飲第一加減,きゅうきちょうけついんだいいちかげん,キュウキチョウケツインダイイチカゲン,芎帰調血飲第一加減(きゅうきちょうけついんだいいちかげん),当帰、地黄、茯苓、烏薬、牡丹皮、大棗、生姜、川芎、白朮、陳皮、香附子、益母草、甘草、桃仁、紅花、枳実、桂皮、牛膝、木香、延胡索、芍薬
響声破笛丸,きょうせいはてきがん,キョウセイハテキガン,響声破笛丸(きょうせいはてきがん),連翹、甘草、桔梗、薄荷、阿仙薬、縮砂、川芎、大黄、訶子
杏蘇散,きょうそさん,キョウソサン,杏蘇散(きょうそさん),蘇葉、五味子、杏仁、大腹皮、烏梅、紫苑、桔梗、桑白皮、甘草、陳皮、麻黄
玉屏風散,ぎょくへいふうさん,ギョクヘイフウサン,玉屏風散(ぎょくへいふうさん),黄耆、白朮、防風
銀翹散,ぎんぎょうさん,ギンギョウサン,銀翹散(ぎんぎょうさん),甘草、桔梗、金銀花、淡竹葉、牛蒡子、淡豆鼓、羚羊角、薄荷、連翹、荊芥
苦参湯,くじんとう,クジントウ,苦参湯(くじんとう),苦参
駆風解毒湯,くふうげどくとう,クフウゲドクトウ,駆風解毒湯(くふうげどくとう),防風、牛蒡子、連翹、荊芥、羌活、甘草、桔梗、石膏
九味檳榔湯,くみびんろうとう,クミビンロウトウ,九味檳榔湯(くみびんろうとう),檳榔子、橘皮、蘇葉、厚朴、木香、桂皮、呉茱萸、茯苓、大黄、生姜、甘草
荊芥連翹湯,けいがいれんぎょうとう,ケイガイレンギョウトウ,荊芥連翹湯(けいがいれんぎょうとう),当帰、荊芥、芍薬、防風、川芎、薄荷、地黄、枳実、黄連、甘草、黄芩、白芷、黄柏、桔梗、山梔子、柴胡、連翹
桂枝加黄耆湯,けいしかおうぎとう,ケイシカオウギトウ,桂枝加黄耆湯(けいしかおうぎとう),桂皮、芍薬、生姜、大棗、甘草、黄耆
桂枝加葛根湯,けいしかかっこんとう,ケイシカカッコントウ,桂枝加葛根湯(けいしかかっこんとう),桂皮、芍薬、生姜、大棗、甘草、葛根
桂枝加厚朴杏仁湯,けいしかこうぼくきょうにんとう,ケイシカコウボクキョウニントウ,桂枝加厚朴杏仁湯(けいしかこうぼくきょうにんとう),桂皮、芍薬、生姜、大棗、甘草、厚朴、杏仁
桂枝加芍薬湯,けいしかしゃくやくとう,ケイシカシャクヤクトウ,桂枝加芍薬湯(けいしかしゃくやくとう),桂皮、大棗、生姜、芍薬、甘草
桂枝加朮附湯,けいしかじゅつぶとう,ケイシカジュツブトウ,桂枝加朮附湯(けいしかじゅつぶとう),桂皮、芍薬、大棗、生姜、甘草、白朮、附子
桂枝加竜骨牡蛎湯,けいしかりゅうこつぼれいとう,ケイシカリュウコツボレイトウ,桂枝加竜骨牡蛎湯(けいしかりゅうこつぼれいとう),桂皮、芍薬、大棗、生姜、甘草、竜骨、牡蛎
桂枝湯,けいしとう,ケイシトウ,桂枝湯(けいしとう),桂皮、芍薬、生姜、大棗、甘草
桂枝人参湯,けいしにんじんとう,ケイシニンジントウ,桂枝人参湯(けいしにんじんとう),桂皮、人参、甘草、白朮、乾姜
桂枝茯苓丸,けいしぶくりょうがん,ケイシブクリョウガン,桂枝茯苓丸(けいしぶくりょうがん),桂皮、茯苓、牡丹皮、桃仁、芍薬
啓脾湯,けいひとう,ケイヒトウ,啓脾湯(けいひとう),人参、白朮、茯苓、蓮肉、山薬、山査子、陳皮、沢瀉、甘草
荊防敗毒散,けいぼうはいどくさん,ケイボウハイドクサン,荊防敗毒散(けいぼうはいどくさん),荊芥、防風、羌活、独活、柴胡、金銀花、連翹、川芎、枳実、前胡、桔梗、茯苓、人参、甘草、生姜
桂麻各半湯,けいまかくはんとう,ケイマカクハントウ,桂麻各半湯(けいまかくはんとう),桂皮、麻黄、生姜、杏仁、芍薬、甘草、大棗
鶏鳴散加茯苓,けいめいさんかぶくりょう,ケイメイサンカブクリョウ,鶏鳴散加茯苓(けいめいさんかぶくりょう),檳榔子、木瓜、橘皮、蘇葉、桔梗、呉茱萸、生姜、茯苓
血府逐瘀丸,けっぷちくおがん,ケップチクオガン,血府逐瘀丸(けっぷちくおがん),芍薬、当帰、川芎、地黄、柴胡、枳実、甘草、桃仁、紅花、牛膝、桔梗
堅中湯,けんちゅうとう,ケンチュウトウ,堅中湯(けんちゅうとう),半夏、茯苓、桂皮、大棗、芍薬、甘草、乾姜
甲字湯,こうじとう,コウジトウ,甲字湯(こうじとう),桂皮、茯苓、牡丹皮、桃仁、芍薬、甘草、生姜
香砂平胃散,こうしゃへいいさん,コウシャヘイイサン,香砂平胃散(こうしゃへいいさん),香附子、縮砂、厚朴、蒼朮、陳皮、大棗、生姜、甘草、藿香
香砂養胃湯,こうしゃよういとう,コウシャヨウイトウ,香砂養胃湯(こうしゃよういとう),白朮、茯苓、蒼朮、厚朴、陳皮、香附子、白豆蔲、人参、木香、縮砂、甘草、大棗、生姜
香砂六君子湯,こうしゃりっくんしとう,コウシャリックンシトウ,香砂六君子湯(こうしゃりっくんしとう),人参、白朮、茯苓、甘草、半夏、陳皮、大棗、生姜、香附子、縮砂、藿香
香蘇散,こうそさん,コウソサン,香蘇散(こうそさん),蘇葉、香附子、陳皮、甘草、生姜
厚朴生姜半夏人参甘草湯,こうぼくしょうきょうはんげにんじんかんぞうとう,コウボクショウキョウハンゲニンジンカンゾウトウ,厚朴生姜半夏人参甘草湯(こうぼくしょうきょうはんげにんじんかんぞうとう),厚朴、生姜、半夏、人参、甘草
杞菊地黄丸,こぎくじおうがん,コギクジオウガン,杞菊地黄丸(こぎくじおうがん),枸杞子、菊花、地黄、山茱萸、山薬、沢瀉、茯苓、牡丹皮
五虎湯,ごことう,ゴコトウ,五虎湯(ごことう),麻黄、杏仁、石膏、甘草、桑白皮
牛膝散,ごしつさん,ゴシツサン,牛膝散(ごしつさん),牛膝、桂皮、芍薬、桃仁、当帰、牡丹皮、延胡索、木香
五積散,ごしゃくさん,ゴシャクサン,五積散(ごしゃくさん),麻黄、白芷、生姜、桂皮、白朮、茯苓、厚朴、陳皮、半夏、枳実、桔梗、当帰、芍薬、川芎、大棗、甘草
牛車腎気丸,ごしゃじんきがん,ゴシャジンキガン,牛車腎気丸(ごしゃじんきがん),地黄、山茱萸、山薬、沢瀉、茯苓、牡丹皮、桂皮、附子、牛膝、車前子
呉茱萸湯,ごしゅゆとう,ゴシュユトウ,呉茱萸湯(ごしゅゆとう),呉茱萸、人参、大棗、生姜
五物解毒散,ごもつげどくさん,ゴモツゲドクサン,五物解毒散(ごもつげどくさん),十薬、金銀花、荊芥、川芎、大黄
五淋散,ごりんさん,ゴリンサン,五淋散(ごりんさん),茯苓、当帰、黄芩、甘草、芍薬、山梔子
五苓散,ごれいさん,ゴレイサン,五苓散(ごれいさん),沢瀉、茯苓、猪苓、白朮、桂皮
柴葛解肌湯,さいかつげきとう,サイカツゲキトウ,柴葛解肌湯(さいかつげきとう),葛根、麻黄、桂皮、生姜、甘草、芍薬、柴胡、黄芩、半夏、石膏
柴陥湯,さいかんとう,サイカントウ,柴陥湯(さいかんとう),柴胡、黄芩、人参、甘草、大棗、生姜、半夏、黄連、栝楼仁
柴胡加竜骨牡蛎湯,さいこかりゅうこつぼれいとう,サイコカリュウコツボレイトウ,柴胡加竜骨牡蛎湯(さいこかりゅうこつぼれいとう),柴胡、黄芩、桂皮、茯苓、半夏、大黄、竜骨、牡蛎、人参、生姜、大棗
柴胡桂枝乾姜湯,さいこけいしかんきょうとう,サイコケイシカンキョウトウ,柴胡桂枝乾姜湯(さいこけいしかんきょうとう),柴胡、黄芩、桂皮、乾姜、栝楼根、牡蛎、甘草
柴胡桂枝湯,さいこけいしとう,サイコケイシトウ,柴胡桂枝湯(さいこけいしとう),柴胡、黄芩、桂皮、芍薬、半夏、人参、甘草、大棗、生姜
柴胡清肝湯,さいこせいかんとう,サイコセイカントウ,柴胡清肝湯(さいこせいかんとう),柴胡、当帰、芍薬、川芎、地黄、黄連、黄芩、黄柏、山梔子、栝楼根、桔梗、薄荷、連翹、牛蒡子、甘草
柴胡疏肝湯,さいこそかんとう,サイコソカントウ,柴胡疏肝湯(さいこそかんとう),柴胡、芍薬、枳実、甘草、川芎、香附子、青皮
柴芍六君子湯,さいしゃくりっくんしとう,サイシャクリックンシトウ,柴芍六君子湯(さいしゃくりっくんしとう),人参、白朮、茯苓、半夏、陳皮、甘草、生姜、大棗、柴胡、芍薬
柴朴湯,さいぼくとう,サイボクトウ,柴朴湯(さいぼくとう),柴胡、黄芩、人参、甘草、大棗、生姜、半夏、厚朴、茯苓、蘇葉
柴苓湯,さいれいとう,サイレイトウ,柴苓湯(さいれいとう),柴胡、黄芩、大棗、人参、甘草、生姜、半夏、沢瀉、猪苓、茯苓、白朮、桂皮
参茸補血丸,さんじょうほけつがん,サンジョウホケツガン,参茸補血丸(さんじょうほけつがん),人参、黄耆、杜仲、牛膝、当帰、鹿茸、巴戟天、竜眼肉
三黄瀉心湯,さんおうしゃしんとう,サンオウシャシントウ,三黄瀉心湯(さんおうしゃしんとう),黄連、黄芩、大黄
酸棗仁湯,さんそうにんとう,サンソウニントウ,酸棗仁湯(さんそうにんとう),酸棗仁、川芎、茯苓、知母、甘草
三物黄芩湯,さんもつおうごんとう,サンモツオウゴントウ,三物黄芩湯(さんもつおうごんとう),黄芩、苦参、地黄
滋陰降火湯,じいんこうかとう,ジインコウカトウ,滋陰降火湯(じいんこうかとう),地黄、天門冬、麦門冬、当帰、芍薬、陳皮、白朮、知母、黄柏、甘草
滋陰至宝湯,じいんしほうとう,ジインシホウトウ,滋陰至宝湯(じいんしほうとう),当帰、芍薬、白朮、茯苓、陳皮、柴胡、知母、香附子、地骨皮、麦門冬、貝母、薄荷、甘草
四逆散,しぎゃくさん,シギャクサン,四逆散(しぎゃくさん),柴胡、芍薬、枳実、甘草
四君子湯,しくんしとう,シクンシトウ,四君子湯(しくんしとう),人参、白朮、茯苓、甘草、生姜、大棗
滋腎通耳湯,じじんつうじとう,ジジンツウジトウ,滋腎通耳湯(じじんつうじとう),地黄、当帰、芍薬、川芎、柴胡、黄芩、香附子、白芷、知母、黄柏
七物降下湯,しちもつこうかとう,シチモツコウカトウ,七物降下湯(しちもつこうかとう),当帰、芍薬、川芎、地黄、黄耆、黄柏、釣藤鈎
柿蒂湯,していとう,シテイトウ,柿蒂湯(していとう),丁子、柿蒂、生姜
四物湯,しもつとう,シモツトウ,四物湯(しもつとう),地黄、当帰、芍薬、川芎
炙甘草湯,しゃかんぞうとう,シャカンゾウトウ,炙甘草湯(しゃかんぞうとう),炙甘草、人参、大棗、地黄、麦門冬、麻子仁、生姜、桂皮、阿膠
芍薬甘草湯,しゃくやくかんぞうとう,シャクヤクカンゾウトウ,芍薬甘草湯(しゃくやくかんぞうとう),芍薬、甘草
十全大補湯,じゅうぜんたいほとう,ジュウゼンタイホトウ,十全大補湯(じゅうぜんたいほとう),人参、黄耆、白朮、茯苓、甘草、当帰、芍薬、地黄、川芎、桂皮
十味敗毒湯,じゅうみはいどくとう,ジュウミハイドクトウ,十味敗毒湯(じゅうみはいどくとう),柴胡、桜皮、桔梗、川芎、茯苓、独活、荊芥、防風、生姜、甘草
潤腸湯,じゅんちょうとう,ジュンチョウトウ,潤腸湯(じゅんちょうとう),当帰、地黄、大黄、麻子仁、桃仁、杏仁、枳実、厚朴、黄芩、甘草
生姜瀉心湯,しょうきょうしゃしんとう,ショウキョウシャシントウ,生姜瀉心湯(しょうきょうしゃしんとう),半夏、黄連、黄芩、乾姜、生姜、人参、大棗、甘草
小建中湯,しょうけんちゅうとう,ショウケンチュウトウ,小建中湯(しょうけんちゅうとう),桂皮、芍薬、生姜、大棗、甘草、膠飴
小柴胡湯,しょうさいことう,ショウサイコトウ,小柴胡湯(しょうさいことう),柴胡、黄芩、人参、甘草、大棗、生姜、半夏
小柴胡湯加桔梗石膏,しょうさいことうかききょうせっこう,ショウサイコトウカキキョウセッコウ,小柴胡湯加桔梗石膏(しょうさいことうかききょうせっこう),柴胡、黄芩、人参、甘草、大棗、生姜、半夏、桔梗、石膏
小承気湯,しょうじょうきとう,ショウジョウキトウ,小承気湯(しょうじょうきとう),大黄、枳実、厚朴
小青竜湯,しょうせいりゅうとう,ショウセイリュウトウ,小青竜湯(しょうせいりゅうとう),麻黄、桂皮、芍薬、細辛、乾姜、五味子、半夏、甘草
小半夏加茯苓湯,しょうはんげかぶくりょうとう,ショウハンゲカブクリョウトウ,小半夏加茯苓湯(しょうはんげかぶくりょうとう),半夏、生姜、茯苓
消風散,しょうふうさん,ショウフウサン,消風散(しょうふうさん),当帰、地黄、石膏、防風、蒼朮、木通、牛蒡子、知母、胡麻、蝉退、苦参、荊芥、甘草
升麻葛根湯,しょうまかっこんとう,ショウマカッコントウ,升麻葛根湯(しょうまかっこんとう),升麻、葛根、芍薬、生姜、甘草
生脈散,しょうみゃくさん,ショウミャクサン,生脈散(しょうみゃくさん),人参、五味子、麦門冬
逍遙散,しょうようさん,ショウヨウサン,逍遙散(しょうようさん),柴胡、当帰、芍薬、茯苓、白朮、甘草、生姜、薄荷
四苓湯,しれいとう,シレイトウ,四苓湯(しれいとう),沢瀉、茯苓、白朮、猪苓
辛夷清肺湯,しんいせいはいとう,シンイセイハイトウ,辛夷清肺湯(しんいせいはいとう),黄芩、石膏、知母、山梔子、升麻、麦門冬、百合、枇杷葉、辛夷
参蘇飲,じんそいん,ジンソイン,参蘇飲(じんそいん),人参、蘇葉、葛根、前胡、桔梗、陳皮、半夏、茯苓、甘草、枳実、木香、乾姜、大棗
心脾顆粒,しんぴかりゅう,シンピカリュウ,心脾顆粒(しんぴかりゅう),黄耆、党参、白朮、甘草、茯苓、当帰、竜眼肉、酸棗仁、遠志、木香
神秘湯,しんぴとう,シンピトウ,神秘湯(しんぴとう),麻黄、杏仁、厚朴、陳皮、柴胡、蘇葉、甘草
真武湯,しんぶとう,シンブトウ,真武湯(しんぶとう),白朮、茯苓、芍薬、生姜、附子
参苓白朮散,じんれいびゃくじゅつさん,ジンレイビャクジュツサン,参苓白朮散(じんれいびゃくじゅつさん),人参、山薬、白朮、茯苓、薏苡仁、扁豆、蓮肉、桔梗、縮砂、甘草
清上蠲痛湯,せいじょうけんつうとう,セイジョウケンツウトウ,清上蠲痛湯(せいじょうけんつうとう),黄芩、麦門冬、白芷、防風、蒼朮、当帰、川芎、羌活、独活、蔓荊子、菊花、細辛、生姜、甘草
清上防風湯,せいじょうぼうふうとう,セイジョウボウフウトウ,清上防風湯(せいじょうぼうふうとう),荊芥、黄連、薄荷、枳実、甘草、山梔子、川芎、黄芩、連翹、白芷、桔梗、浜防風
清暑益気湯,せいしょえっきとう,セイショエッキトウ,清暑益気湯(せいしょえっきとう),人参、白朮、麦門冬、当帰、黄耆、陳皮、五味子、黄柏、甘草
清心蓮子飲,せいしんれんしいん,セイシンレンシイン,清心蓮子飲(せいしんれんしいん),黄芩、地骨皮、車前子、蓮肉、茯苓、人参、黄耆、麦門冬、甘草
清肺湯,せいはいとう,セイハイトウ,清肺湯(せいはいとう),黄芩、山梔子、杏仁、桔梗、桑白皮、天門冬、麦門冬、竹茹、貝母、陳皮、茯苓、当帰、五味子、生姜、大棗、甘草
折衝飲,せっしょういん,セッショウイン,折衝飲(せっしょういん),当帰、芍薬、桂皮、川芎、牛膝、桃仁、紅花、延胡索、牡丹皮
洗肝明目湯,せんかんめいもくとう,センカンメイモクトウ,洗肝明目湯(せんかんめいもくとう),地黄、当帰、芍薬、川芎、黄連、黄芩、山梔子、荊芥、防風、羌活、薄荷、石膏、桔梗、連翹、決明子、蒺藜子、蔓荊子、菊花、甘草
川芎茶調散,せんきゅうちゃちょうさん,センキュウチャチョウサン,川芎茶調散(せんきゅうちゃちょうさん),荊芥、防風、白芷、羌活、川芎、薄荷、香附子、甘草、茶葉
千金鶏鳴散,せんきんけいめいさん,センキンケイメイサン,千金鶏鳴散(せんきんけいめいさん),大黄、桃仁、当帰
千金内托散,せんきんないたくさん,センキンナイタクサン,千金内托散(せんきんないたくさん),当帰、川芎、桂皮、防風、白芷、桔梗、黄耆、人参、甘草、金銀花、厚朴
銭氏白朮散,せんしびゃくじゅつさん,センシビャクジュツサン,銭氏白朮散(せんしびゃくじゅつさん),白朮、茯苓、葛根、人参、木香、甘草、藿香
続命湯,ぞくめいとう,ゾクメイトウ,続命湯(ぞくめいとう),人参、生姜、甘草、当帰、川芎、桂皮、杏仁、石膏、麻黄
疎経活血湯,そけいかっけつとう,ソケイカッケツトウ,疎経活血湯(そけいかっけつとう),当帰、地黄、川芎、白朮、茯苓、桃仁、芍薬、牛膝、防已、防風、竜胆、生姜、陳皮、白芷、甘草、威霊仙、羌活
蘇子降気湯,そしこうきとう,ソシコウキトウ,蘇子降気湯(そしこうきとう),紫蘇子、半夏、陳皮、厚朴、前胡、桂皮、当帰、大棗、生姜、甘草
大黄甘草湯,だいおうかんぞうとう,ダイオウカンゾウトウ,大黄甘草湯(だいおうかんぞうとう),大黄、甘草
大黄牡丹皮湯,だいおうぼたんぴとう,ダイオウボタンピトウ,大黄牡丹皮湯(だいおうぼたんぴとう),大黄、牡丹皮、桃仁、芒硝、冬瓜子
大建中湯,だいけんちゅうとう,ダイケンチュウトウ,大建中湯(だいけんちゅうとう),人参、山椒、乾姜、膠飴
大柴胡湯,だいさいことう,ダイサイコトウ,大柴胡湯(だいさいことう),柴胡、黄芩、芍薬、半夏、枳実、大黄、大棗、生姜
大承気湯,だいじょうきとう,ダイジョウキトウ,大承気湯(だいじょうきとう),大黄、芒硝、枳実、厚朴
大半夏湯,だいはんげとう,ダイハンゲトウ,大半夏湯(だいはんげとう),半夏、人参、蜂蜜
大防風湯,だいぼうふうとう,ダイボウフウトウ,大防風湯(だいぼうふうとう),地黄、当帰、芍薬、川芎、人参、甘草、白朮、乾姜、黄耆、大棗、牛膝、杜仲、羌活、附子、防風
竹茹温胆湯,ちくじょうんたんとう,チクジョウンタントウ,竹茹温胆湯(ちくじょうんたんとう),柴胡、竹茹、茯苓、麦門冬、生姜、半夏、香附子、桔梗、陳皮、枳実、黄連、甘草、人参
治打撲一方,ちだぼくいっぽう,チダボクイッポウ,治打撲一方(ちだぼくいっぽう),川芎、樸樕、川骨、大黄、桂皮、丁子、甘草
治頭瘡一方,ちづそういっぽう,チヅソウイッポウ,治頭瘡一方(ちづそういっぽう),連翹、蒼朮、川芎、防風、忍冬、荊芥、甘草、紅花、大黄
知柏地黄丸,ちばくじおうがん,チバクジオウガン,知柏地黄丸(ちばくじおうがん),知母、黄柏、地黄、山茱萸、山薬、沢瀉、茯苓、牡丹皮
調胃承気湯,ちょういじょうきとう,チョウイジョウキトウ,調胃承気湯(ちょういじょうきとう),大黄、芒硝、甘草
釣藤散,ちょうとうさん,チョウトウサン,釣藤散(ちょうとうさん),釣藤鈎、陳皮、菊花、防風、半夏、麦門冬、茯苓、人参、生姜、甘草、石膏
猪苓湯,ちょれいとう,チョレイトウ,猪苓湯(ちょれいとう),猪苓、茯苓、沢瀉、滑石、阿膠
通導散,つうどうさん,ツウドウサン,通導散(つうどうさん),大黄、芒硝、枳実、厚朴、陳皮、当帰、木通、紅花、蘇木、甘草
天王補心丹,てんのうほしんたん,テンノウホシンタン,天王補心丹(てんおうほしんたん),当帰、地黄、天門冬、麦門冬、酸棗仁、遠志、柏子仁、茯苓、桔梗、丹参、党参
桃核承気湯,とうかくじょうきとう,トウカクジョウキトウ,桃核承気湯(とうかくじょうきとう),桃仁、大黄、桂皮、芒硝、甘草
当帰飲子,とうきいんし,トウキインシ,当帰飲子(とうきいんし),当帰、芍薬、川芎、防風、地黄、荊芥、黄耆、甘草、蒺藜子、何首烏
当帰建中湯,とうきけんちゅうとう,トウキケンチュウトウ,当帰建中湯(とうきけんちゅうとう),当帰、芍薬、桂皮、生姜、大棗、甘草
当帰散,とうきさん,トウキサン,当帰散(とうきさん),当帰、芍薬、川芎、黄芩、白朮
当帰四逆加呉茱萸生姜湯,とうきしぎゃくかごしゅゆしょうきょうとう,トウキシギャクカゴシュユショウキョウトウ,当帰四逆加呉茱萸生姜湯(とうきしぎゃくかごしゅゆしょうきょうとう),当帰、芍薬、桂皮、木通、細辛、甘草、大棗、呉茱萸、生姜
当帰四逆湯,とうきしぎゃくとう,トウキシギャクトウ,当帰四逆湯(とうきしぎゃくとう),当帰、芍薬、桂皮、細辛、木通、甘草、大棗
当帰芍薬散,とうきしゃくやくさん,トウキシャクヤクサン,当帰芍薬散(とうきしゃくやくさん),当帰、芍薬、川芎、白朮、茯苓、沢瀉
当帰湯,とうきとう,トウキトウ,当帰湯(とうきとう),当帰、半夏、桂皮、芍薬、厚朴、人参、黄耆、乾姜、山椒、甘草
当帰貝母苦参丸,とうきばいもくじんがん,トウキバイモクジンガン,当帰貝母苦参丸(とうきばいもくじんがん),当帰、苦参、貝母
独活葛根湯,どっかつかっこんとう,ドッカツカッコントウ,独活葛根湯(どっかつかっこんとう),葛根、桂皮、芍薬、麻黄、生姜、地黄、大棗、甘草、独活
独活湯,どっかつとう,ドッカツトウ,独活湯(どっかつとう),独活、羌活、防風、桂皮、大黄、沢瀉、当帰、桃仁、連翹、防已、黄柏、甘草
二朮湯,にじゅつとう,ニジュツトウ,二朮湯(にじゅつとう),蒼朮、白朮、茯苓、陳皮、半夏、天南星、威霊仙、和羌活、黄芩、香附子、生姜、甘草
二陳湯,にちんとう,ニチントウ,二陳湯(にちんとう),半夏、陳皮、茯苓、生姜、甘草
女神散,にょしんさん,ニョシンサン,女神散(にょしんさん),当帰、川芎、人参、白朮、甘草、香附子、桂皮、檳榔子、木香、丁子、黄芩、黄連、大黄
人参湯,にんじんとう,ニンジントウ,人参湯(にんじんとう),人参、甘草、白朮、乾姜
人参養栄湯,にんじんようえいとう,ニンジンヨウエイトウ,人参養栄湯(にんじんようえいとう),人参、黄耆、白朮、茯苓、甘草、当帰、芍薬、地黄、桂皮、陳皮、遠志、五味子
排膿散,はいのうさん,ハイノウサン,排膿散(はいのうさん),枳実、芍薬、桔梗
排膿散及湯,はいのうさんきゅうとう,ハイノウサンキュウトウ,排膿散(はいのうさんきゅうとう),枳実、芍薬、桔梗、甘草、生姜、大棗
排膿湯,はいのうとう,ハイノウトウ,排膿湯(はいのうとう),甘草、桔梗、生姜、大棗
麦門冬湯,ばくもんどうとう,バクモンドウトウ,麦門冬湯(ばくもんどうとう),麦門冬、半夏、大棗、人参、甘草、粳米
八味地黄丸,はちみじおうがん,ハチミジオウガン,八味地黄丸(はちみじおうがん),地黄、山茱萸、山薬、沢瀉、茯苓、牡丹皮、桂皮、附子
半夏厚朴湯,はんげこうぼくとう,ハンゲコウボクトウ,半夏厚朴湯(はんげこうぼくとう),半夏、厚朴、茯苓、生姜、蘇葉
半夏瀉心湯,はんげしゃしんとう,ハンゲシャシントウ,半夏瀉心湯(はんげしゃしんとう),半夏、黄芩、黄連、乾姜、人参、大棗、甘草
半夏白朮天麻湯,はんげびゃくじゅつてんまとう,ハンゲビャクジュツテンマトウ,半夏白朮天麻湯(はんげびゃくじゅつてんまとう),半夏、白朮、蒼朮、陳皮、茯苓、麦芽、天麻、生姜、神麹、黄耆、人参、沢瀉、黄柏、乾姜
白虎加人参湯,びゃっこかにんじんとう,ビャッコカニンジントウ,白虎加人参湯(びゃっこかにんじんとう),石膏、知母、粳米、甘草、人参
白虎湯,びゃっことう,ビャッコトウ,白虎湯(びゃっことう),石膏、知母、粳米、甘草
不換金正気散,ふかんきんしょうきさん,フカンキンショウキサン,不換金正気散(ふかんきんしょうきさん),白朮、厚朴、陳皮、大棗、生姜、半夏、甘草、藿香
茯苓飲,ぶくりょういん,ブクリョウイン,茯苓飲(ぶくりょういん),茯苓、白朮、人参、生姜、陳皮、枳実
茯苓沢瀉湯,ぶくりょうたくしゃとう,ブクリョウタクシャトウ,茯苓沢瀉湯(ぶくりょうたくしゃとう),茯苓、沢瀉、白朮、桂皮、甘草、生姜
附子理中湯,ぶしりちゅうとう,ブシリチュウトウ,附子理中湯(ぶしりちゅうとう),人参、甘草、白朮、乾姜、附子
分消湯,ぶんしょうとう,ブンショウトウ,分消湯(ぶんしょうとう),蒼朮、白朮、茯苓、陳皮、厚朴、香附子、猪苓、沢瀉、枳実、大腹皮、縮砂、木香、生姜、灯心草
平胃散,へいいさん,ヘイイサン,平胃散(へいいさん),白朮、厚朴、陳皮、大棗、甘草、生姜
防已黄耆湯,ぼういおうぎとう,ボウイオウギトウ,防已黄耆湯(ぼういおうぎとう),防已、黄耆、白朮、甘草、生姜、大棗
防已茯苓湯,ぼういぶくりょうとう,ボウイブクリョウトウ,防已茯苓湯(ぼういぶくりょうとう),防已、黄耆、桂皮、茯苓、甘草
防風通聖散,ぼうふうつうしょうさん,ボウフウツウショウサン,防風通聖散(ぼうふうつうしょうさん),防風、荊芥、麻黄、薄荷、大黄、芒硝、石膏、黄芩、連翹、桔梗、山梔子、滑石、当帰、芍薬、川芎、白朮、生姜、甘草
補気建中湯,ほきけんちゅうとう,ホキケンチュウトウ,補気建中湯(ほきけんちゅうとう),白朮、茯苓、陳皮、人参、黄芩、厚朴、沢瀉、麦門冬
補中益気湯,ほちゅうえっきとう,ホチュウエッキトウ,補中益気湯(ほちゅうえっきとう),人参、白朮、黄耆、当帰、陳皮、大棗、柴胡、甘草、生姜、升麻
補陽還五湯,ほようかんごとう,ホヨウカンゴトウ,補陽還五湯(ほようかんごとう),当帰、芍薬、川芎、桃仁、紅花、黄耆、地竜
麻黄湯,まおうとう,マオウトウ,麻黄湯(まおうとう),麻黄、桂皮、杏仁、甘草
麻黄附子細辛湯,まおうぶしさいしんとう,マオウブシサイシントウ,麻黄附子細辛湯(まおうぶしさいしんとう),麻黄、附子、細辛
麻杏甘石湯,まきょうかんせきとう,マキョウカンセキトウ,麻杏甘石湯(まきょうかんせきとう),麻黄、杏仁、甘草、石膏
麻杏薏甘湯,まきょうよくかんとう,マキョウヨクカントウ,麻杏薏甘湯(まきょうよくかんとう),麻黄、杏仁、薏苡仁、甘草
麻子仁丸,ましにんがん,マシニンガン,麻子仁丸(ましにんがん),麻子仁、大黄、枳実、厚朴、杏仁、芍薬
木防已湯,もくぼういとう,モクボウイトウ,木防已湯(もくぼういとう),石膏、防已、桂皮、人参
薏苡仁湯,よくいにんとう,ヨクイニントウ,薏苡仁湯(よくいにんとう),薏苡仁、麻黄、白朮、桂皮、当帰、芍薬、甘草
抑肝散,よくかんさん,ヨクカンサン,抑肝散(よくかんさん),当帰、川芎、茯苓、白朮、柴胡、甘草、釣藤鈎
抑肝散加陳皮半夏,よくかんさんかちんぴはんげ,ヨクカンサンカチンピハンゲ,抑肝散加陳皮半夏(よくかんさんかちんぴはんげ),当帰、川芎、茯苓、白朮、柴胡、甘草、釣藤鈎、陳皮、半夏
六君子湯,りっくんしとう,リックンシトウ,六君子湯(りっくんしとう),人参、白朮、茯苓、半夏、陳皮、甘草、生姜、大棗
立効散,りっこうさん,リッコウサン,立効散(りっこうさん),細辛、升麻、甘草、防風、竜胆
竜胆瀉肝湯,りゅうたんしゃかんとう,リュウタンシャカントウ,竜胆瀉肝湯(りゅうたんしゃかんとう),竜胆、黄芩、山梔子、沢瀉、木通、車前子、当帰、地黄、甘草
苓甘姜味辛夏仁湯,りょうかんきょうみしんげにんとう,リョウカンキョウミシンゲニントウ,苓甘姜味辛夏仁湯(りょうかんきょうみしんげにんとう),半夏、杏仁、五味子、茯苓、細辛、乾姜、甘草
苓姜朮甘湯,りょうきょうじゅつかんとう,リョウキョウジュツカントウ,苓姜朮甘湯(りょうきょうじゅつかんとう),茯苓、乾姜、白朮、甘草
苓桂甘棗湯,りょうけいかんそうとう,リョウケイカンソウトウ,苓桂甘棗湯(りょうけいかんそうとう),茯苓、桂皮、大棗、甘草
苓桂朮甘湯,りょうけいじゅつかんとう,リョウケイジュツカントウ,苓桂朮甘湯(りょうけいじゅつかんとう),茯苓、桂皮、白朮、甘草
麗沢通気湯加辛夷,れいたくつうきとうかしんい,レイタクツウキトウカシンイ,麗沢通気湯加辛夷(れいたくつうきとうかしんい),升麻、葛根、山椒、独活、防風、白芷、羌活、辛夷、麻黄、蒼朮、生姜、黄耆、大棗、甘草
六味地黄丸,ろくみじおうがん,ロクミジオウガン,六味地黄丸(ろくみじおうがん),地黄、山茱萸、山薬、沢瀉、茯苓、牡丹皮
