配合生薬,ふりがな,フリガナ,検索用,効能,薬味,解説
阿膠,あきょう,アキョウ,阿膠(あきょう),止血・補血・補陰,酸・苦,ボタン科 Paeoniaceae のシャクヤクPaeonia lactiflora Pall. のコルク皮を除去し、そのままあるいは湯通しして乾燥した根。コラーゲンを含み、月経不順、瘀血症などに用いられます。
阿仙薬,あせんやく,アセンヤク,阿仙薬(あせんやく),止瀉・止血・化痰,苦・渋,アカネ科 Rubiaceae のカギカズラ属植物 Uncaria gambir Roxb。主成分はカテキン、タンニンで整腸薬、収斂性止瀉薬、口腔清涼剤として広く用いられます。
粟,あわ,アワ,粟(あわ),健胃,甘,イネ科 Gramineae のコアワ Setaria italica P.B. の穀粒。胃腸のはたらきをよくして消化吸収力を高めるので、嘔吐、下痢など胃腸の調子を整えるのに用いられます。
威霊仙,いれいせん,イレイセン,威霊仙(いれいせん),去風湿・通経止痛,辛・鹹,"キンポウゲ科 Ranunculaceae のシナボ タンヅル Clermatis chinensis Osbeck, その他同属植物の地下部。アネモニンなどを含み、関節痛や筋肉痛、手足のしびれ、脚気などに用いられます。"
茵蔯蒿,いんちんこう,インチンコウ,茵蔯蒿(いんちんこう),消炎・利尿・利胆,苦,キク科 Compositae のカワラヨモギArtermisia Capillaris Thunb.の幼苗。スコパロン、ジメチルエスクレチンなどを含み、黄疸、尿量減少、湿疹などに用いられます。
茴香,ういきょう,ウイキョウ,茴香(ういきょう),健胃・止痛,辛,セリ科 Umbelliferae のウイキョウ Foeniculum vulgare の果実。アネトールを主に含み、胃痛、嘔吐、腰痛などに用いられます。「フェンネル」の名前で香辛料としても利用されています。
鬱金,うこん,ウコン,鬱金(うこん),理気・活血・止痛,辛・苦,"ショウガ科 Zingiberaceae のウコン Curcula longa L., ならびにハルウコン C. aromatica Salisb.の塊根(紡錘根)。クルクミンを含み、生理痛や利胆・健胃の働きがあるので腹痛や胃腸病の用いられます。"
烏梅,うばい,ウバイ,烏梅(うばい),止渇・生津・止嘔,酸・渋,バラ科 Rosaceae のウメ Prunus mume Sieb. et Zucc. の未成熟果実を燻蒸したもの。烏梅にはコハク酸など有機酸が含まれ、悪心や食欲不振、慢性の下痢、腹痛を用います。
烏薬,うやく,ウヤク,烏薬(うやく),温中散寒・止痛,辛,クスノキ科 Lauraceae のテンダイウヤク Lindera strychnifolia F. Vill. の肥大根。ボルネオール、リンデランなどが含まれ、消化不良、腹痛、月経痛などに用いられます。
延胡索,えんごさく,エンゴサク,延胡索(えんごさく),止痛・活血,辛・苦,ケシ科 Papaverraceae のカラエンゴサク Corydalis turtschaninovii の塊茎。コリダリンなどのイソキノリンアルカロイドを含み、胸痛、腹痛、月経痛、打撲通などの種々の痛みに用いられます。
黄耆,おうぎ,オウギ,黄耆(おうぎ),強壮・止汗・利水,甘,"マメ科 Leguminosaeのキバナオウギ Astragalus membranaceus Bge., ナイモウオウギA. mongholicus Bge. などの根。フラボノイド、サポニン類を含み、体力や免疫力を高めるために用いられます。"
黄芩,おうごん,オウゴン,黄芩(おうごん),消炎・清熱,苦,シソ科 Labiatae のコガネバナ Scutellaria baicalensis Georgi の周皮を除いた根。バイカレリン、オウゴニンなどを含み、炎症や熱性疾患、下痢、腹痛、黄疸などに用いられます。
黄柏,おうばく,オウバク,黄柏(おうばく),健胃・清熱・解毒,苦,ミカン科 Rutaceae のキハダ Phellodendron amurense の樹皮。ベルベリンなどを含み、下痢、腹痛、黄疸、湿疹、腫れ物などに用いられます。
桜皮,おうひ,オウヒ,桜皮(おうひ),排膿・解毒,苦,バラ科 Rosaceae のヤマザクラ Prunus jamasakura Siebold ex Koidzumi 又はカスミザクラ Prunus verecunda Koehneの樹皮。サクラニンなどが含まれ、湿疹、じんましん、咳嗽などに用います。
黄連,おうれん,オウレン,黄連(おうれん),消炎・健胃・鎮静,苦,キンポウゲ科 Ranunculaceaeのオウレン Coptis japonica Mak. 他同属植物の根をほとんど除いた根茎。ベルベリンなどを含み、食欲不振、腹痛、下痢、不眠、鼻血などに用いられます。
遠志,おんじ,オンジ,遠志(おんじ),去痰・利尿・消腫,辛・苦,ヒメハギ科 Polygalaceae のイトヒメハギ Polygala tenuifolia Wild. の根または根皮。オンジサポニンなどを含み、動悸、健忘、不眠、咳嗽、多痰、腫れ物などに用いられます。
艾葉,がいよう,ガイヨウ,艾葉(がいよう),温裏・止血・止痛,辛・苦,キク科 Compositae のヨモギ属植物 Artemisia argyi L. などの若い全草または葉。シネオール、ツヨーンなどを含み、食欲不振や冷えによる腹痛、出血、流産の予防などに用いられます。
訶子,かし,カシ,訶子(かし),止咳・止瀉・利咽,酸・苦,シクンシ科 Combretaceae のミロバラン Terminalia chebula RETZ. の果実。タンニンの含有量が多く、タンニンの成分としてケブリン酸などが含まれ、咳や声の嗄れ、下痢などに用いられます。
何首烏,かしゅう,カシュウ,何首烏(かしゅう),補陰・補血・強壮,甘・苦・渋,タデ科 Polygonaceae のツルドクダミPolygonum multiflorium Thumb. の塊根。クリソファノール、エモジンなどを含み、滋養強壮、軽度の便秘、高脂血症などに用いられます。
藿香,かっこう,カッコウ,藿香(かっこう),解暑・健胃・止瀉,辛,シソ科 Labiatae のパチョリ Pogostemon cablin BENTH. の地上部。セスキテルペノイドやフェニルプロパノイドが含まれ、解熱鎮痛・健胃作用があり、頭痛、嘔吐・下痢、食欲不振などに用います。
葛根,かっこん,カッコン,葛根(かっこん),解肌・透疹・潤筋,甘・辛,マメ科 Leguminosae のクズ Pueraria lobata Ohwi の周皮を除いた根。ダイゼイン、プエラリンなどを含み、頭痛や肩こりなどの風邪症状、筋肉の緊張、口渇、下痢などに用いられます。
滑石,かっせき,カッセキ,滑石(かっせき),利水・通淋・清熱,甘,含水ケイ酸アルミニウムおよび二酸化ケイ素などからなる鉱物。排尿障害や浮腫、夏季の口渇（口の渇き）、下痢、皮膚潰瘍などに用いられます。
栝楼根,かろこん,カロコン,栝楼根(かろこん),潤肺・止渇・排膿,酸・甘・苦,ウリ科 Cucurbitaceae のシナカラスウリ Trichosanthes kirilowii などの肥大根の外皮を去ったもの。トリコサント酸などを含み、脱水傾向、咳嗽や痰、口渇、化膿性疾患に用いられます。
栝楼仁,かろにん,カロニン,栝楼仁(かろにん),潤肺・化痰・通便,甘,ウリ科 Cucurbitaceae のシナカラスウリ Trichosanthes kirilowii などの種子。脂肪酸類を含み、咳嗽や痰、便秘、腫れ物、授乳不足などに用いられます。
乾姜,かんきょう,カンキョウ,乾姜(かんきょう),健胃・温熱,辛,ショウガ科 Zingiberaceae のショウガ Zingiber officinale Rosc. の根茎を乾燥したもの。ショーガオールなどを含み、嘔吐、腹痛、下痢などに用いられます。
甘草,かんぞう,カンゾウ,甘草(かんぞう),健胃・鎮痛・鎮痙,甘,マメ科 Leguminosae のウラルカンゾウやスペインカンゾウの根。グリチルリチン酸などを含み、腹痛、下痢、動悸、腫れ物などに用いられます。
桔梗,ききょう,キキョウ,桔梗(ききょう),止咳・去痰・排膿,辛・苦,キキョウ科 Campanulaceae のキキョウ Platycodon grandiflorum A. DC.の根。プラチコジンDやイヌリンなどを含み、咳嗽、喀痰、咽喉の痛みなどに用いられます。
菊花,きくか,キクカ,菊花(きくか),解表・明目・清熱,甘・苦,キク科 Compositae のキク Chrysanthe-mum morifolium Hemsl. などの頭花。ルテオリンやクレサンテミンなどを含み、頭痛、めまい、目の充血、視力低下、炎症などに用いられます。
枳実,きじつ,キジツ,枳実(きじつ),理気・健胃・化痰,苦,ミカン科 Rutaceae のダイダイまたはナツミカンなど乾燥した未熟果実。ヘスペリジン、ナリンギンなどを含み、胸腹部のつかえ、腹痛、膨満感、便秘などに用いられます。
橘皮,きっぴ,キッピ,橘皮(きっぴ),理気・健脾・化痰,辛・苦,ミカン科 Rutaceae のタチバナCitrus tachibana T. やウンシュウミカンCitrus unshiu Marcowiczの成熟果皮。ヘスペリジンなどを含み、消化不良によるお腹の張りなどに用いられます。
羌活,きょうかつ,キョウカツ,羌活(きょうかつ),解表・祛風湿,辛・苦,セリ科 Umbelliferae の Notopterygium incisum Ting et H. T. Chang および N. forbesii Boiss. の根および根茎。フロクマリン類などを含み、かぜや頭痛、筋肉痛などに用いられます。
杏仁,きょうにん,キョウニン,杏仁(きょうにん),止咳・去痰・通便,辛・苦,"バラ科 Rosaceae のホンアンズ Prunus armeniaca L, アンズ P. armeriaca L. var. ansu Maxim. などの種子。アミグダリンなどを含み、咳嗽、喀痰（、便秘などに用いられます。"
金銀花,きんぎんか,キンギンカ,金銀花(きんぎんか),解表・清熱解毒,甘,スイカズラ科 Caprifoliaceae のスイカズラ Lonicera japonica Thunb.またはその他同属植物の花衛。ルテオリン、ロニセリンなどを含み、化膿性の皮膚疾患や風邪、のどの炎症に用いられます。
枸杞子,くこし,クコシ,枸杞子(くこし),補肝腎・明目,甘,ナス科 Solanaceae の ク コ Lycium chinense Mill. やナガバクコ L. barbarum L.の成熟果実。ルチンやゼアキサンチンを含み、腰や膝の倦怠感、めまいや視力低下などに用いられます。
苦参,くじん,クジン,苦参(くじん),清熱燥湿・利水,苦,マメ科 Leguminosae のクララ Sophora flavescens Ait. の根。マトリンやクラリノールなどを含み、消炎や細菌による下痢、利尿、湿疹などに用いられます。
荊芥,けいがい,ケイガイ,荊芥(けいがい),解表・消腫・止血の,辛,シソ科 Labiatae のケイガイ Schizonepeta tenuifolia BRIQ. の花穂をつけた茎枝あるいは花穂。シゾネペドシドなどを含み、かぜや発熱、咽頭痛、腫れ物などに用いられます。
桂皮,けいひ,ケイヒ,桂皮(けいひ),発汗・解肌・止痛,甘・辛,クスノキ科 Lauraceae のケイ Cin-namomum cassia Bl.の樹皮。シンナムアルデヒドなどを含み、手足の冷え、腹痛、下痢、のぼせなどに用いられます。
決明子,けつめいし,ケツメイシ,決明子(けつめいし),明目・利尿・緩下,甘・苦・鹹,"マメ科 Leguminosae のエビスグサCassia obtusifolia L., コエビスグサ C. tora L.の成熟種子。エモジンなどを含み、民間的には「ハブ茶」として常用されます。便通や充血などに用いられます。"
玄参,げんじん,ゲンジン,玄参(げんじん),滋陰・清熱・除煩,苦・鹹,ゴマノハグサ科 Scrophulariaceae のゴマノハグサ属植物 Scrophularia ningpoensis Hemsl.の根。イリドイド配糖体のハルパゴシドなどを含み、自汗、熱病による口渇や煩躁などに用いられます。
膠飴,こうい,コウイ,膠飴(こうい),滋養・緩和,甘,糯米粉、粳米粉、小麦粉などに麦芽を加えて加工精製した飴糖(アメ)。体力、気力を補い回復させ、体力低下、胃腸機能改善などに用いられます。
紅花,こうか,コウカ,紅花(こうか),活血・通経・止痛,辛,キク科 Compositae のベニバナ Carthamus tinctorius L.の管状花。カルタミンなどを含み、月経異常や腹部のしこり、打撲傷、瘀血などに用いられます。
紅参,こうじん,コウジン,紅参(こうじん),滋養強壮,甘・苦,ウコギ科 Araliaceae オタネニンジン Panax ginseng の蒸した根。ミネラルやジンセノサイドを多く含み、血行促進効果による冷えの改善、滋養強壮や不妊予防に用いられます。
香附子,こうぶし,コウブシ,香附子(こうぶし),理気・疏肝・調経,甘・辛・苦,カヤツリグサ科 Cyperaceae のハマスゲ Cyperus rotundus L. の塊状に肥大した根茎。シペロール、コブソンなどを含み、気のふさがりやイライラ、腹痛、月経異常などに用いられます。
粳米,こうべい,コウベイ,粳米(こうべい),補気・健脾,甘,イネ科 Gramineae イネ Oryza sativa L. の果実。デンプン、ステロールなどを含み、胃腸を整えて、元気をつけ、口渇（のどの渇き）や下痢に用いられます。
厚朴,こうぼく,コウボク,厚朴(こうぼく),健胃・去痰・理気,辛・苦,モクレン科 Magnoliaceae のホオノキ Magnolia obovata の根皮。マグノロールなどを含み、腹部膨満感や消化不良、喘息、咳嗽（せき）などに用いられます。
牛膝,ごしつ,ゴシツ,牛膝(ごしつ),活血・痛経・止痛,酸・苦,ヒユ科 Amaranthaceae のイノコズチ属植物 Achyranthes bidentata Bl. の根。エクジステロンなどを含み、婦人科疾患や関節痛、打撲、神経痛などに用いられます。
呉茱萸,ごしゅゆ,ゴシュユ,呉茱萸(ごしゅゆ),温裏・止痛,辛・苦,"ミカン科 Rutaceae のニセゴシュユ Eoodia rutaecarpa Benth., ホンゴシュユ E. officinalis Dode の未成熟な果実。エボジアミンなどを含み、冷えや血行障害、嘔吐、腹痛、頭痛などに用いられます。"
牛蒡子,ごぼうし,ゴボウシ,牛蒡子(ごぼうし),疏散風熱・止咳,辛・苦,キク科 Compositae のゴボウ Arctium lappa L. の成熟果実。アクチイン、マライレジノールなどを含み、咽頭腫痛や熱を持った化膿性の腫れ物、咳嗽などに用いられます。
胡麻,ごま,ゴマ,胡麻(ごま),潤腸・補肝腎,甘,ゴマ科 Pedaliaceae の ゴマ Sesamum indictum DC. の成熟種子。セサミンやセサミノールなどを含み、虚弱体質や病後、貧血によるめまい、乾燥性便秘などに用いられます。
五味子,ごみし,ゴミシ,五味子(ごみし),止瀉・滋養・固精,酸,マツブサ科 Schizandraceae のチョウセンゴミシ Schizandra chainmensis Baill. の成熟果実。シザンドリン、ゴミシンなどを含み、慢性の咳嗽や喘息、口渇、下痢、疲労などに用いられます。
柴胡,さいこ,サイコ,柴胡(さいこ),解熱、鎮静、疏泄,辛・苦,セリ科 Umbelliferae のミシマサイコ Bupleurum falcatum L. またはその変種の根。サイコサポニンなどを含み、心窩部より季肋部にかけての腹部膨満感に用いられます。
細辛,さいしん,サイシン,細辛(さいしん),解表・止痛・温裏,辛,ウマノスズクサ科 Aristolochiaceae のケイリンサイシンまたはウスバサイシンの根や根茎。アサリニンなどを含み、や喘息、頭痛、歯痛、神経痛などに用いられます。
山査子,さんざし,サンザシ,山査子(さんざし),消食・駆瘀血,酸・甘,バラ科 Rosaceae のミサンザ Crataegus pinnatifida Bge. var. major N. E. Br.やサンザシ C. cuneata Sieb. et Zucc. の成熟果実。オレアノール酸などを含み、消化不良や下痢、打ち身に用いられます。
山梔子,さんしし,サンシシ,山梔子(さんしし),清熱・除煩・消炎,苦,アカネ科 Rubiaceae のクチナシ Gardenia jasminoides Ellis またはその他同属植物の成熟果実。ゲニポシドなどを含み、熱症状、のぼせ、イライラ感、不眠などに用いられます。
山茱萸,さんしゅゆ,サンシュユ,山茱萸(さんしゅゆ),固精・止汗,酸・渋,ミズキ科 Comaceae のサンシュユ Cornus officinalis Sieb. et Zucc. の成熟した果肉。ロガニン、モロニシドなどを含み、足腰の痛みや眩暈、性機能の低下、頻尿や夜尿症の治療に用いられます。
山椒,さんしょう,サンショウ,山椒(さんしょう),温裏・止痛・駆虫,辛,ミカン科 Rutaceae のサンショウ属植物 Zanthoxylum bungeanum の果皮。サンショオールなどを含み、腹痛や下痢、嘔吐、回虫や蟯虫駆除などに用いられます。
酸棗仁,さんそうにん,サンソウニン,酸棗仁(さんそうにん),鎮静・安眠・止汗,酸・甘,クロウメモドキ科 Rhamnaceae のサネ ブトナツメ Zizyhus jujuba Mill. の成熟種子。ジュジュボシドやベツリンなどを含み、不眠、多汗、寝汗などに用いられます。
山薬,さんやく,サンヤク,山薬(さんやく),補腎・健脾,甘,ヤマノイモ科 Dioscoreaceae のナガイモ Dioscorea batatas Decne. の外皮を除去した根茎。マンナンなどを含み、痢、咳嗽、胃腸虚弱や体力低下の改善などに用いられます。
地黄,じおう,ジオウ,地黄(じおう),生：清熱、熟：補血,甘・苦,ゴマノハグサ科 Scrophulariaceae のイケイジオウまたはアカヤジオウの根。カタルポールなどを含み、泌尿器疾患、月経不順、足腰や耳目の衰えなどに用いられます。
紫苑,しおん,シオン,紫苑(しおん),止咳・祛痰・利尿,辛・苦,キク科 Compositae のシオン Aster tataricus L.f. の地下部。シオノンなどトリテルペノイドやケルセチンなどフラボンを含み、咳嗽や痰、喘息、喉痺などに用いられます。
地骨皮,じこっぴ,ジコッピ,地骨皮(じこっぴ),清虚熱・止血,甘,ナス科 Solanaceae のクコ Lycium chinense Mill. の根皮。ベタインやクコアミンなどを含み、微熱、体力の低下、寝汗、咳、痰、吐血などに用いられます。
紫根,しこん,シコン,紫根(しこん),清熱涼血・解毒,甘・鹹,ムラサキ科 Boraginaceae のムラサキ Lithospermum erythrorhizon Sieb. et Zucc. の根。シコニンなどを含み、シコンを配合した紫雲膏は、火傷や凍傷の治療薬として有名です。
紫蘇子,しそし,シソシ,紫蘇子(しそし),降気・止咳・潤腸,辛,シソ科 Labiatae のシソ Perilla frutescens の果実。ペリルアルデヒド、シソニンやリモネンなどを含み、咳嗽や喘息、便秘などに用います。
蒺藜子,しつりし,シツリシ,蒺藜子(しつりし),平肝・明目・止痒,辛・苦,ハマビシ科 Zygophyllaceae のハマビシ Tribulus terrestris L.の未成熟果実。ケンフェロールなどを含み、めまいや頭痛、皮膚のかゆみなどに用います。
柿蒂,してい,シテイ,柿蒂(してい),降気・止逆・止嘔,渋・苦,カキノキ科 Ebenaceae のカキ Diospyros kaki L. f. の果帯。オレアノール酸、ウルソール酸、ヘミセルロースなどを含み、吃逆（しゃっくり）や嘔吐、咳嗽（せき）などに用いられます。
炙甘草,しゃかんぞう,シャカンゾウ,炙甘草(しゃかんぞう),健胃・鎮痛・鎮痙,甘,マメ科 Leguminosae のウラルカンゾウやスペインカンゾウの炒めた根。グリチルリチン酸などを含み、腹痛、下痢、動悸、腫れ物などに用いられます。
芍薬,しゃくやく,シャクヤク,芍薬(しゃくやく),補血・止痛,酸・苦,ボタン科 Paeoniaceae のシャクヤク Paeonia lactiflora Pall. のコルク皮を除去し乾燥した根。ペオニフロリンなどを含み、腹痛、筋肉痛、痙攣痛などに用いられます。
車前子,しゃぜんし,シャゼンシ,車前子(しゃぜんし),利水・通淋・去痰,甘・淡,オオバコ科 Plantaginaceae のオオバコ Plantago asiatica L などの成熟種子。プランタサンやアウクビンなどを含み、排尿障害や膀胱炎、血尿、関節痛、結膜炎などに用いられます。
十薬,じゅうやく,ジュウヤク,十薬(じゅうやく),利尿・緩下・解毒,辛,ドクダミ科 Saururaceae のドクダミ Houttuynia cordata Thunb. の全草。デカノイルアセトアルデヒド、クエルシトリンなどを含み、利尿・緩下・解毒作用があります。
縮砂,しゅくしゃ,シュクシャ,縮砂(しゅくしゃ),理気・健胃・安胎,辛,ショウガ科 Zingiberaceae のヨウシュクシャ Amomum villosum Lour.の種子団塊。カンファー、ボルネオールなどを含み、食欲不振、下痢などに用いられます。
生姜,しょうきょう,ショウキョウ,生姜(しょうきょう),発汗・健胃・鎮吐,辛,ショウガ科 Zingiberaceae の ショウガ Zingiber officinale Rosc. の新鮮な根茎。ジンゲロールなどを含み、感冒、嘔吐、食欲不振などに用いられます。
小麦,しょうばく,ショウバク,小麦(しょうばく),清虚熱・止汗・止渇,甘,イネ科 Gramineae のコムギ Triticum aestivum L.の種子。デンプン、糖脂質などを含み、ヒステリーや糖尿病、下痢などに用いられます。
升麻,しょうま,ショウマ,升麻(しょうま),解表・透疹・清熱,甘・辛,キンポウゲ科 Ranunculaceae のサラシナショウマ Cimicifuga simplex などの乾燥した根茎。シミゲノール類を含み、麻疹や蕁麻疹などに発疹や痔・脱肛に用いられます。
地竜,じりゅう,ジリュウ,地竜(じりゅう),解熱・鎮痙・活血,鹹,フトミミズ科 Mega scolecidae タイワンシュウヘンミミズ Perichaeta aspergillum P. の内部を取り除いたもの。ルンブリフェブリンなどを含み、抗炎症薬や降圧薬として用いられます。
辛夷,しんい,シンイ,辛夷(しんい),解熱・発散・鎮痛,辛,"モクレン科 Magnoliaceae のモクレン Magnolia liliflora Desr., ハクモクレン M. denudata Desr. などの花蕾。マグノサリンなどを含み、鼻炎や蓄膿症などに用いられます。"
神麹,しんきく,シンキク,神麹(しんきく),消食化積,甘・辛,小麦粉・麩(ふすま)に鮮青蒿・鮮蒼茸・鮮辣蓼の液汁と赤小豆・杏仁の粉末を混和し、発酵させたもの。積滞した飲食物を消化し、胃腸機能を助け、食欲不振・消化不良などに用いられます。
青皮,せいひ,セイヒ,青皮(せいひ),疏肝・理気,辛・苦,ミカン科 Rutaceae のウンシュウミカン Citrus unshiu Marcowicz の成熟前の果皮。フラボノイド類、テルペノイド類を含み、張ったような痛み、下腹部痛などに用いられます。
石膏,せっこう,セッコウ,石膏(せっこう),清熱・止渇・沈静,甘・辛,天然の含水硫酸カルシウムを主とする鉱物。体を冷やす「寒」の性質があるとされ、熱性疾患にみられる高熱や口渇、炎症のあるむくみや痒みなどに用いられます。
石斛,せっこく,セッコク,石斛(せっこく),清熱・滋陰・生津,甘,ラン科 Orchidaceae のセッコク Dendrobium catenatum L. その他同属植物の茎。デンドロビンなどのアルカロイドを含み、口内炎や脱水、糖尿病、視力減退などに用いられます。
川芎,せんきゅう,センキュウ,川芎(せんきゅう),活血・止痛,辛,セリ科 Umbeliferae のマルバトウキ属植物 Ligusticum chuanxiong HORT. の根茎。クニデリド、リグスチリドなどを含み、月経不順、月経痛、冷え性、頭痛、筋肉痛などに用いられます。
前胡,ぜんこ,ゼンコ,前胡(ぜんこ),解表・止咳・去痰,辛・苦,セリ科 Umbelliferae の Peucedanum praeruptorum DUNN、ノダケ P. decursivum MAXIM. などの根。ノダケニン、ペラエロサイドを含み、熱性病による頭痛や気管支炎に用いられます。
川骨,せんこつ,センコツ,川骨(せんこつ),利水・活血,甘,"スイレン科 Nymphaeaceae のコウホネ Nuphar japonica の根茎。ヌファリジンなどを含み、打撲、外傷、陳旧性の梅毒、産後の血液停滞による諸疾患に用いられます。
"
蝉退,せんたい,センタイ,蝉退(せんたい),散風熱・透疹・止痒,甘,セミ科 Cicadidae のスジアカクマゼミ Cryptotympana atrata などの幼虫の乾燥した抜け殻。キチン質などを含み、、熱性疾患、咽頭の腫れ、発疹、瘙痒症などに用いられます。
蒼朮,そうじゅつ,ソウジュツ,蒼朮(そうじゅつ),健胃・整腸・利尿,辛・苦,キク科 Compositae のホソバオケラやシナオケラの根茎。アトラクチロジンなどを含み、水分の代謝異常や消化器系の機能障害などに用いられます。
桑白皮,そうはくひ,ソウハクヒ,桑白皮(そうはくひ),止咳・利水・緩下,甘,クワ科 Moraceae のカラグワ Morus alba L. のコルク層を除去した根皮。クワノン、モルシンなどを含み、炎症のある咳や痰、呼吸困難、むくみ、脚気、尿量減少などに用いられます。
蘇木,そぼく,ソボク,蘇木(そぼく),活血・通経・止血,鹹・辛・甘,マメ科 Leguminosae のスホウ Caesalpinia sappan L. の心材。ブラジリンやオシメンなどを含み、打撲や腹痛、産後の瘀血などに用いられます。
蘇葉,そよう,ソヨウ,蘇葉(そよう),発汗・解表・理気,辛,シソ科 Labiatae のシソ Perilla frutescens またはその他近縁植物の葉、枝先。シソニンなどを含み、感冒、咳嗽、 喘息、心身症・神経症の諸症状などに用いられます。
大黄,だいおう,ダイオウ,大黄(だいおう),瀉下・清熱・活血,苦,タデ科 Polygonaceae のダイオウ属植物 Rheum palmatum の根茎。 ジアントロン・アントラキノン誘導体を含み、便秘、熱性疾患、打撲、月経異常などに用いられます。
大棗,たいそう,タイソウ,大棗(たいそう),健脾・鎮静,甘,クロウメモドキ科 Rhammaceae のナツメ Zizyphus jujuba の果実。ジジフスサポニンなどを含み、食欲不振、下痢、不安感、興奮などに用いられます。
沢瀉,たくしゃ,タクシャ,沢瀉(たくしゃ),利水・清熱,甘・淡,オモダカ科 Alismataceae のサジオモダカ Alisma orientale JUZEPCZUK の周皮を除いた塊茎。アリソール類を含み、浮腫、めまい、膀胱炎、排尿障害などに用いられます。
大腹皮,だいふくひ,ダイフクヒ,大腹皮(だいふくひ),降気・止瀉・利水,辛,ヤシ科 Palmae のビンロウジュ Areca catechu L. の成熟果皮。アレコリンなどのアルカロイドやタンニンなどを含み、消化不良や腹部膨満の改善、浮腫の改善などに用いられます。
丹参,たんじん,タンジン,丹参(たんじん),補血・活血,苦,シソ科 Labiatae タンジン Salvia miltiorrhiza の根。テルペノイドやフェニルプロパノイドを含み、血流循環改善作用があるので心臓疾患と脳の血流循環障害に用いられます。
淡豆鼓,たんずし,タンズシ,淡豆鼓(たんずし),健胃・消炎,苦,マメ科 Leguminosaeのダイズ Glycinemax Mer. の成熟種子を蒸して発酵加工したもの。ペプチド類、ミネラルや食物繊維を含み、心煩、不眠、熱病などに用いられます。
淡竹葉,たんちくよう,タンチクヨウ,淡竹葉(たんちくよう),清熱除煩・利尿,甘・辛,イネ科 Gramineae のササチク Lophatherum gracile B. の全草。フリーデリン、タラキセロールなどを含み、解熱、利尿作用があるので、慢性的な微熱などに用いられます。
竹茹,ちくじょ,チクジョ,竹茹(ちくじょ),清熱・鎮吐・除煩,甘,イネ科 Gramineae のハチク Phyllostachys nigra などの竹竿の上皮を薄く剥ぎ去り、皮下の帯緑白色部を薄く削ったもの。アルンドインなどを含み、解熱、嘔吐などに用いられます。
知母,ちも,チモ,知母(ちも),清熱瀉火・滋陰,甘・苦,ユリ科 Liliaceae のハナスゲ Anemarrhena asphodeloides B.の根茎。チモサポニンなどを含み、煩燥、便秘、糖尿病などに用いられます。
茶葉,ちゃよう,チャヨウ,茶葉(ちゃよう),利尿・解毒・去痰,苦,ツバキ科 Theaceae のチャ Camellia sinensis O. KUNTZE の嫩葉(若葉)。カテキン・タンニン類などを含み、視力改善、二日酔いを解消する、食あたりに用いられます。
丁子,ちょうじ,チョウジ,丁子(ちょうじ),温裏・健胃・止嘔,辛,フトモモ科 Myrtaceae チョウジ Syzygium aromaticum の蕾。オイゲノールなどを含み、腹痛、嘔吐、下痢、吃逆、歯痛の局所麻酔などに用いられます。
釣藤鈎,ちょうとうこう,チョウトウコウ,釣藤鈎(ちょうとうこう),平肝・止痙,甘,アカネ科 Rubiaceae のカギカズラ Uncaria rhynchophylla JACKS.の茎枝の一部をつけた鉤棘。リンコフィリンなどを含み、高血圧や興奮、痙攣、めまい、不眠などに用いられます。
猪苓,ちょれい,チョレイ,猪苓(ちょれい),利水・通淋,甘・淡,サルノコシカケ科 Polyporaceae のul サイマイタケ Polyporus umbellatus の菌核。エルゴステロールなどを含み、浮腫、排尿障害、下痢などに用いられます。
田七人参,でんしちにんじん,デンシチニンジン,田七人参(でんしちにんじん),駆血・止血,甘・苦,ウコギ科 Araliaceae 別名三七人参 Panax notoginseng の根。ジンセノサイドや田七ケトンなどを含み、肝機能・血流改善などの作用から、生活習慣病の予防に用いられます。
陳皮,ちんぴ,チンピ,陳皮(ちんぴ),健胃・去痰・理気,辛・苦,ミカン科 Rutaceae  のウンシュウミカンなどの乾燥した成熟果皮。ヘスペリジンなどを含み、消化不良、食欲不振などの胃部不快感を取り除くのに用いられます。
天南星,てんなんしょう,テンナンショウ,天南星(てんなんしょう),燥湿化痰・止痙,辛・苦,サトイモ科 Araceae のテンナンショウ属植物 Ariaema consanguineum などの塊茎。でんぷん、シュウ酸カルシウムなどを含み、めまい、麻痺、痙攣、ひきつけなどに用いられます。
天麻,てんま,テンマ,天麻(てんま),平肝・止痙・止痛,甘・辛,ラン科 Orchidaceae のオニノヤガラ Gastrodia elata BL. の乾燥した塊茎。パニリルアルコール、バニリンなどを含み、めまい、意識障害、痙攣、頭痛などに用いられます。
天門冬,てんもんどう,テンモンドウ,天門冬(てんもんどう),清熱・滋陰・潤燥,甘・苦,ユリ科 Liliaceae のクサスギカズラ Asparagus cochinchinensis MERR.の塊根を湯通ししたのち外皮を去って乾燥したもの。ステロールやサポニン類を含み、排膿腫、咽喉痛などに用いられます。
冬瓜子,とうがし,トウガシ,冬瓜子(とうがし),清熱化痰・排膿,甘,ウリ科 Cucurbitaceae のトウガン(カモウリ) Benincasa hispida CONG.の成熟種子。トリゴネリンなどを含み、肺炎による咳嗽や化膿症などに用いられます。
当帰,とうき,トウキ,当帰(とうき),補血・活血・止痛,甘・辛・苦,セリ科 UmbelliferaeのAngelica sinensis DIELS の根。リグスチライド、ベルガプテンなどを含み、貧血、月経不順、月経痛、腹痛などに用いられます。
党参,とうじん,トウジン,党参(とうじん),滋養強壮,甘,キキョウ科 Campanulaceae ヒカゲツルニンジン Codonopsis pilosula の根。フェニルプロパノイド類やサポニンを含み、強壮薬として食欲不振、疲労などに用いられます。
灯心草,とうしんそう,トウシンソウ,灯心草(とうしんそう),利水・通淋・除煩,甘,イグサ科 Juncaceae のイ Juncus effusus L. の地上部、茎の髄。ルテオリンなどのフラボンなどを含み、心煩、浮腫、膀胱炎などによる排尿障害に用いられます。
冬虫夏草,とうちゅうかそう,トウチュウカソウ,冬虫夏草(とうちゅうかそう),強壮・鎮静・鎮咳,甘,バッカクキン科 Clavicipitaceae フナムシツクサタケ Ophiocordyceps sinensis の子実体と虫体。コルディセピンやステロール類を含み、呼吸器機能改善・免疫増強作用を有します。
桃仁,とうにん,トウニン,桃仁(とうにん),活血・排膿・潤腸,甘・苦,バラ科 Rosaceae のモモ Prunus persica BATCH 、ノモモ P. davidiana FR. などの成熟種子。アミグダリンなどを含み、月経障害、下腹部痛などに用いられます。
独活,どくかつ,ドクカツ,独活(どくかつ),去風湿・止痛,辛・苦,セリ科 Umbeliferae のウド Aralia cordata の根茎。オストール、アンゲリコンなどを含み、半身不随、頭痛、めまい、神経痛、リウマチなどに用いられます。
杜仲,とちゅう,トチュウ,杜仲(とちゅう),補肝腎・固経安胎,甘,トチュウ科 Eucommiaceae のトチュウ Eucommia ulmoides OLIV. の樹皮。ピノレジノールなどを含み、足腰の弱りや腰痛、排尿困難、不正出血などに用いられます。
土別甲,どべっこう,ドベッコウ,土別甲(どべっこう),補陰・止痙,鹹,スッポン科 Trionychidae のシナスッポン Amyda sinensis WIEGMANN の背甲または腹甲。ニカワ、ビタミンD、ミネラルを含み、発熱、寝汗、痙攣、ひきつけなどに用いられます。
人参,にんじん,ニンジン,人参(にんじん),補気・健脾・強壮,甘・辛,ウコギ科 Araliaceae のオタネニンジン Panax ginseng の根。ギンセノシドRg1、Rb1などを含み、疲労や体力の低下、食欲不振、消化不良などに用いられます。
忍冬,にんどう,ニンドウ,忍冬(にんどう),清熱解毒・止痛,甘,スイカズラ科 Caprifoliaceae スイカズラ Lonicera japonica の茎葉。ロニセリン、ロガニンなどを含み、熱病、腫れ物、筋肉や関節の痛みなどに用いられます。
貝母,ばいも,バイモ,貝母(ばいも),清熱・止咳・化痰,甘・苦,ユリ科 Liliaceae のアミガサユリ属植物各種 Fritillaria spp.の鱗茎。ペイミンなどを含み、肺の化膿性疾患や咳、痰、咽頭痛に用いられます。
麦芽,ばくが,バクガ,麦芽(ばくが),消食・健胃,甘,イネ科 Gramineae のオオムギ Hordeum vulgare L. の発芽させたもみ。でんぷん、蛋白質、アミラーゼなどを含み、食欲不振、腹部膨満感、嘔吐、下痢などに用いられます。
柏子仁,はくしにん,ハクシニン,柏子仁(はくしにん),滋養安神,甘,ヒノキ科 Cupressaceae コノテガシワ Thuja orientalis L. の種皮を除いた成熟種子。脂肪族関連化合物を含み、精神安定、止汗、睡眠改善に用いられます。
麦門冬,ばくもんどう,バクモンドウ,麦門冬(ばくもんどう),止咳・補陰・去痰,甘・苦,ユリ科 Liliaceae のジャノヒゲ Ophiopogon japonicus KER-GAWL.の塊根。オフィオポゴノンなどを含み、咳嗽、口渇、便秘などに用いられます。
巴戟天,はげきてん,ハゲキテン,巴戟天(はげきてん),滋養強壮・補腎,辛・甘,アカネ科 Rubiaceae の Morinda officinalisの根。ビタミンや糖類などを含み、腰膝の疼痛、軟弱無力、筋肉の萎縮などの治療に用いられます。
蜂蜜,はちみつ,ハチミツ,蜂蜜(はちみつ),潤肺・補中・止痛,甘,ミツバチ科 Apidae ヨーロッパミツバチまたはトウヨウミツバチが巣に集めた甘味物を採集したもの。滋養強壮、慢性の咳嗽などに用いられます。
薄荷,はっか,ハッカ,薄荷(はっか),解表・透疹,辛,シソ科 Labiatae のハッカ Mentha arvensis の地上部あるいは葉。メントールなどを含み、感冒、頭痛、咽頭痛、皮膚掻痒症などに用いられます。
浜防風,はまぼうふう,ハマボウフウ,浜防風(はまぼうふう),解熱・鎮痛・消炎,甘・苦,セリ科 Umbelliferae のハマボウフウ Glehnia littoralis F. SCHMDT ex MIQ. の外皮を去った根。インペラトリンなどを含み、感冒薬や正月の屠蘇散などの配合に用いられます。
半夏,はんげ,ハンゲ,半夏(はんげ),止嘔・去痰・理気,辛,サトイモ科 Araceae のカラスビシャク Pinellia ternata BREITENBACH の塊茎の外皮を除去して乾燥したもの。ホモゲンチジン酸などを含み、吐き気、嘔吐、咳嗽、不眠などに用いられます。
板藍根,ばんらんこん,バンランコン,板藍根(ばんらんこん),清熱・解毒,苦,アブラナ科 Curciferae タイセイ Isatis indigotica F. の根・根茎。インドキシルやルペオールを含み、抗ウイルス作用、抗炎症作用があるので、感冒やインフルエンザに用いられます。
百合,びゃくごう,ビャクゴウ,百合(びゃくごう),潤肺・止咳・安神,甘,ユリ科 Liliaceae のオニユリやハカタユリなどの鱗茎の鱗片。レガロシドなどを含み、排泄促進、鎮静、止咳、胃の機能を高めるため咳嗽や不安による動悸などに用いられます。
白芷,びゃくし,ビャクシ,白芷(びゃくし),解表・止痛・排膿,辛,セリ科 Umbelliferae のヨロイグサ Angelica dahurica などの根。ビャクアンゲリコールなどを含み、頭痛、鼻炎、腹痛、下痢、帯下、湿疹などに用いられます。
白朮,びゃくじゅつ,ビャクジュツ,白朮(びゃくじゅつ),健胃・整腸・利尿,甘・苦,キク科 Compositae のオオバナオケラ Atractylodes ovata DC. の根茎。アトラクチロンなどを含み、水分の代謝異常や消化器系の機能障害などに用いられます。
白豆蔲,びゃくずく,ビャクズク,白豆蔲(びゃくずく),健胃・理気,辛,ショウガ科 Zingiberaceae のビャクズク属植物 Amomum kravanh PIERRE の成熟果実。カンフル、ボルネオールなどを含み、消化不良や食欲不振、胃痛、悪心などに用いられます。
枇杷葉,びわよう,ビワヨウ,枇杷葉(びわよう),止咳・止嘔,苦,バラ科 Rosaceae のビワ Eriobotrya japonica LINDL. の葉裏の毛茸を除いた葉。ネロリドールとファルネソールなどを含み、咳嗽や痰、嘔吐などに用いられます。
檳榔子,びんろうじ,ビンロウジ,檳榔子(びんろうじ),収斂・健胃・理気,辛・苦,ヤシ科 Palmae のビンロウジュ Areca catechu L. の成熟種子。アレコリン、グバシンなどを含み、吐き気、嘔吐、便秘などに用いられます。
茯苓,ぶくりょう,ブクリョウ,茯苓(ぶくりょう),利水・健脾・安神,甘・淡,サルノコシカケ科 Polyporaceae のマツホド Poria cocos WOLF の外層を除いた菌核。エブリコ酸などを含み、浮腫、食欲不振、消化不良、動悸、不眠などに用いられます。
附子,ぶし,ブシ,附子(ぶし),補陽・温裏・止痛,辛,キンポウゲ科 Ranunculaceae のカラトリカブト Aconitum carmichaeli などの塊根を、炮製し減毒したもの。アコニチンなどを含み、四肢の疼痛や麻痺、手足の冷えなどに用いられます。
扁豆,へんず,ヘンズ,扁豆(へんず),健脾・止瀉,甘,マメ科 Leguminosae のフジマメ Dolichos lablab L. の成熟種子。スコポレチン、糖類、でんぷん、スチグマステロールなどを含み、消化不良、嘔吐、下痢などに用いられます。
防已,ぼうい,ボウイ,防已(ぼうい),利水・鎮痛,辛・苦,ツヅラフジ科 Menispermaceae のオオツヅラフジ Sinomenium acutumの蔓性の根茎および茎。シノメニン、マグノフロリンなどを含み、浮腫や関節水腫、関節痛、腫れ物などに用いられます。
芒硝,ぼうしょう,ボウショウ,芒硝(ぼうしょう),清熱・通便,苦・鹹,天然の鉱物である芒硝を再結晶して精製したもの。含水硫酸ナトリウムや含水硫酸マグネシウムを含み、便秘などに用いられます。
防風,ぼうふう,ボウフウ,防風(ぼうふう),解表・発汗・鎮痛,甘・辛,セリ科 Umbelliferae のボウフウ Saposhnikovia divaricata の根及び根茎。フラキシジンなどを含み、かぜや皮膚疾患、関節痛、神経痛、頭痛などに用いられます。
樸樕,ぼくそく,ボクソク,樸樕(ぼくそく),駆瘀血・解毒,苦・渋,ブナ科 Fagaceae クヌギ Quercus acutissma の乾燥樹皮。スポコリンなどを含み、創傷回復、止血作用があるため痔や下痢、下血などに用いられます。
牡丹皮,ぼたんぴ,ボタンピ,牡丹皮(ぼたんぴ),活血・清熱,辛・苦,ボタン科 Paeoniaceae のボタン Paeonia moutan の根皮。ペオニフロリンなどを含み、鼻血、吐血、下血、月経不順などに用いられます。
牡蛎,ぼれい,ボレイ,牡蛎(ぼれい),安神・収斂,苦・鹹,イタボガキ科 Osteridae のイタボガキ Ostrea rivularis などのの貝殻。炭酸カルシウムを含み、不安、動悸、不眠、頭痛、めまい、発汗、寝汗などに用いられます。
麻黄,まおう,マオウ,麻黄(まおう),発汗・鎮咳・利水,辛・苦,マオウ科 Ephedraceae のシナマオウ Ephedra sinica などの地上茎。エフェドリンなどを含み、発熱、頭痛、咳嗽、喘息などに用いられます。
麻子仁,ましにん,マシニン,麻子仁(ましにん),潤腸通便・補血,甘,アサ科 Cannabidaceae のアサ Cannabis sativa L. の種子。脂肪油やビタミンE、レシチンなどを含み、便秘、月経不順などに用いられます。
蔓荊子,まんけいし,マンケイシ,蔓荊子(まんけいし),疏散風熱・清頭目,辛・苦,クマツヅラ科 Verbenaceae のハマゴウ Vitex rotundifolia L.やミツバハマゴウ V.trifolia L. の成熟果実。カンフェンなどを含み、頭痛、関節痛、充血、かすみ目などに用いられます。
木通,もくつう,モクツウ,木通(もくつう),清熱・利水・通経,苦,アケビ科 Lardizabalaceae のアケビ Akebia quinata などのつる性の茎。アケボシドなどを含み、膀胱炎や浮腫（むくみ）、湿疹、月経不順などに用いられます。
木瓜,もっか,モッカ,木瓜(もっか),去痰,酸,バラ科 Rosaceae のカリンChaenomeles sinensis K. の偽果。リンゴ酸やタンニンなどを含み、鎮咳、鎮痛作用があるので、呼吸器疾患や悪心、下痢に用いられます。
木香,もっこう,モッコウ,木香(もっこう),理気・止痛・健胃,辛・苦,キク科 Compositae トウヒレン属植物 Saussurea lappa の根。アプロタクセンなどを含み、胃腸を調え、胸部や腹部の膨満感や痛み、嘔吐、下痢、下腹部痛などに用いられます。
益母草,やくもそう,ヤクモソウ,益母草(やくもそう),活血化瘀・調経,辛・苦,シソ科 Labiatae のホソバメハジキ Leonurus sibiricus L. およびメハジキ L. japonicus HOUTT. の全草。ルチン、レオヌリンなどを含み、月経調節作用、利尿作用があります。
薏苡仁,よくいにん,ヨクイニン,薏苡仁(よくいにん),利水・去風湿・排膿,甘・淡,イネ科 Gramineae のハトムギ Coix lachryma-jobi L. var ma-yuen STAPF の種皮を除いた成熟種子。脂質類、でんぷんなどを含み、下痢、浮腫、関節痛、神経痛、筋肉痛などに用いられます。
卵黄,らんおう,ランオウ,卵黄(らんおう),補陰・補血・止痙,甘,生薬名 Egg yolk ラテン名 Vitellus。不足している体液や血液を補い、体を潤す効果があります。発熱後の精神不安、不眠、咳、のどの乾き、声がれなどにも有効です。
竜眼肉,りゅうがんにく,リュウガンニク,竜眼肉(りゅうがんにく),補血・安神,甘,ムクロジ科 Sapindaceae のリュウガン Euphoria longan STEUD. の仮種皮。クエルセチンなどを含み、心身の衰え、不眠、健忘などに用いられます。
竜骨,りゅうこつ,リュウコツ,竜骨(りゅうこつ),安神・平肝・固精,甘・渋,大型哺乳動物の化石。炭酸カルシウム、リン酸カルシウムなどを含み、神経症、不眠、寝汗、出血、下痢などに用いられます。
竜胆,りゅうたん,リュウタン,竜胆(りゅうたん),清熱燥湿・瀉火,苦,リンドウ科 Gentianaceae のリンドウ Gentiana scabra B. またはその他同属植物の地下部。ゲンチオピクロシドなどを含み、頭痛、眼疾患、黄疸、下痢、熱性痙攣、皮膚疾患などに用いられます。
良姜,りょうきょう,リョウキョウ,良姜(りょうきょう),健胃・止痛,辛,ショウガ科 Zingiberaceae のハナミョウガ属植物 Alpinia officinarum HANCE の根茎。シネオール、ガランギンなどを含み、胃痛、嘔吐、下痢、消化不良などに用いられます。
霊芝,れいし,レイシ,霊芝(れいし),寧心安神,甘,サルノコシカケ科 Poliporaceae マンネンタケ Ganoderma sinense の子実体。ΒｰD-グルカンやトリテルペノイドを含み、免疫増強作用や自律神経安定化作用を有します。
羚羊角,れいようかく,レイヨウカク,羚羊角(れいようかく),解熱・鎮痙・鎮静,鹹,ウシ科 Bovidae サイガカモシカ Saiga tatrarica L. の角。ケラチンやリン酸カルシウム等を含み、感冒やインフルエンザなどの解熱薬や抗炎症薬として用いられます。
連翹,れんぎょう,レンギョウ,連翹(れんぎょう),清熱・解毒・消腫,苦,モクセイ科 Oleaceae のレンギョウ Forsythia suspensa VAHL. などの果実。フォルチシアシドなどを含み、熱性の疾患や化膿性の皮膚病などに用いられます。
蓮肉,れんにく,レンニク,蓮肉(れんにく),安神・補腎・健脾,甘・渋,スイレン科 Nymphaeaceae のハス Nelumbo nucifera GAERTN. の種子。ロツシン、ジメチルコクラリンなどを含み、精神不安や排膿障害、下痢、食欲不振などに用いられます。
鹿茸,ろくじょう,ロクジョウ,鹿茸(ろくじょう),滋養強壮,甘・鹹,シカ科 Cervidae の Cervus nippon T. その他同属の雄の幼角。コラーゲン、アミノ酸、男性ホルモン、核酸、蛋白質等を豊富に含み、滋養強壮剤として用いられます。
和羌活,わきょうかつ,ワキョウカツ,和羌活(わきょうかつ),止痛・ 抗潰瘍,辛・苦,ウコギ 科 Araliaceae のウドAralia cordata の根。イソインペラトリンなどを含み、筋肉や関節などのこわばりや疼痛、眼疾患、皮膚の瘙痒に用いられます。
